<?xml version = "1.0" encoding = "utf-8"?>
<!DOCTYPE hibernate-mapping PUBLIC 
"-//Hibernate/Hibernate Mapping DTD//EN"
"http://www.hibernate.org/dtd/hibernate-mapping-3.0.dtd"> 

<hibernate-mapping>
   <class name = "com.model.ExamModify" table = "exam">
      
      <meta attribute = "class-description">
         This class contains the exam detail. 
      </meta>
      
      <id name = "id" type = "int" column = "id">
         <generator class="native"/>
      </id>
      
    <property name = "eId" column = "exam_id" type = "string"/>
      <property name = "exam_name" column = "exam_description" type = "string"/>
     
               <property name = "skill" column = "skill_set" type = "string"/>
               <property name = "level" column = "competency_level" type = "string"/>
              
   </class>
   
   	
  
</hibernate-mapping>