<?xml version="1.0" encoding="UTF-8"?>
<beans xmlns="http://www.springframework.org/schema/beans"
       xmlns:xsi="http://www.w3.org/2001/XMLSchema-instance"
       xmlns:p="http://www.springframework.org/schema/p"
       xmlns:aop="http://www.springframework.org/schema/aop"
       xmlns:tx="http://www.springframework.org/schema/tx"
       xmlns:mvc="http://www.springframework.org/schema/mvc"
       xmlns:context="http://www.springframework.org/schema/context"
       xsi:schemaLocation="http://www.springframework.org/schema/beans http://www.springframework.org/schema/beans/spring-beans-3.0.xsd
       http://www.springframework.org/schema/context http://www.springframework.org/schema/context/spring-context-3.0.xsd
       http://www.springframework.org/schema/aop http://www.springframework.org/schema/aop/spring-aop-3.0.xsd
       http://www.springframework.org/schema/tx http://www.springframework.org/schema/tx/spring-tx-3.0.xsd
       http://www.springframework.org/schema/mvc http://www.springframework.org/schema/mvc/spring-mvc-3.0.xsd">
           
   <!-- Configuring the JDBC connection-->
    <!-- DataSource -->
    <bean class="org.springframework.jdbc.datasource.DriverManagerDataSource"
        id="dataSource">
        
         <!-- Database Connection Settings -->
        <property name="driverClassName" value="com.mysql.jdbc.Driver"></property>
        <property name="url" value="jdbc:mysql://localhost:3306/examination"></property>
        <property name="username" value="root"></property>
        <property name="password" value="password-1"></property>         
    </bean>
    
   <!-- Configuring the Hibernate4 Session Factory Bean -->
<bean id="sessionFactory"
        class="org.springframework.orm.hibernate4.LocalSessionFactoryBean">
             <property name="mappingResources">
             <list>
				<value>com/model/User.hbm.xml</value>
				<value>com/model/QuesAdding.hbm.xml</value>
				<value>com/model/ExamModify.hbm.xml</value>
			</list>
			</property> 
        
        <property name="dataSource" ref="dataSource"></property>
        <property name="hibernateProperties">
            <props>
                <prop key="hibernate.dialect">org.hibernate.dialect.MySQLDialect</prop>
               <prop key="hibernate.hbm2ddl.auto">update</prop>  
                <prop key="hibernate.format_sql">true</prop>
                <prop key="hibernate.show_sql">true</prop>  
            </props>
        </property>
        <property name="packagesToScan" value="com.model"></property>
    </bean>
    
     <bean id="authenticateServiceBean" class="com.service.AuthService">
      <property name="hibernateTemplate" ref="hibernateTemplateBean" />
   </bean>
    
    
       <!-- Transaction -->
    <bean id="transactionManager"
        class="org.springframework.orm.hibernate4.HibernateTransactionManager">
        <property name="sessionFactory" ref="sessionFactory" />
    </bean>
    
   
      <bean id="hibernateTemplateBean" class="org.springframework.orm.hibernate4.HibernateTemplate">    
      <property name="sessionFactory" ref="sessionFactory" />
      
     </bean>
   
   <tx:annotation-driven transaction-manager="transactionManager" />
   
</beans>